,Year,Country,AverageTemperature
0,2000,Afghanistan,15.35034375
1,2000,Albania,16.667749999999998
2,2000,Algeria,19.005883333333333
3,2000,Angola,22.428222222222225
4,2000,Argentina,17.122302083333334
5,2000,Armenia,9.679166666666667
6,2000,Australia,17.45077380952381
7,2000,Austria,8.171466666666667
8,2000,Azerbaijan,12.611333333333333
9,2000,Bahamas,25.16133333333333
10,2000,Bahrain,26.99083333333333
11,2000,Bangladesh,25.416596491228074
12,2000,Belarus,8.230552083333334
13,2000,Belgium,11.23772619047619
14,2000,Benin,27.482
15,2000,Bolivia,11.644416666666666
16,2000,Bosnia And Herzegovina,12.097666666666667
17,2000,Botswana,18.9725
18,2000,Brazil,22.557505303030304
19,2000,Bulgaria,11.993595238095239
20,2000,Burkina Faso,28.309541666666664
21,2000,Burma,26.287425
22,2000,Burundi,21.31625
23,2000,Cambodia,27.35675
24,2000,Cameroon,24.91297777777778
25,2000,Canada,5.592639999999999
26,2000,Central African Republic,25.40425
27,2000,Chad,27.52295833333333
28,2000,Chile,12.039208333333333
29,2000,China,13.419087280701754
30,2000,Colombia,22.86923717948718
31,2000,Congo,24.17816666666667
32,2000,Congo (Democratic Republic Of The),23.67104347826087
33,2000,Costa Rica,25.291749999999997
34,2000,Croatia,12.437444444444445
35,2000,Cuba,25.96407142857143
36,2000,Cyprus,19.712666666666667
37,2000,Czech Republic,10.16995
38,2000,Côte D'Ivoire,26.26544871794872
39,2000,Denmark,9.599208333333333
40,2000,Djibouti,30.215666666666667
41,2000,Dominican Republic,26.236777777777778
42,2000,Ecuador,20.70058974358974
43,2000,Egypt,21.891008771929823
44,2000,El Salvador,25.7025
45,2000,Equatorial Guinea,25.481125000000002
46,2000,Eritrea,24.762
47,2000,Estonia,6.889541666666666
48,2000,Ethiopia,21.351666666666667
49,2000,Finland,6.007266666666666
50,2000,France,11.682766203703704
51,2000,Gabon,26.215249999999997
52,2000,Gambia,25.753250000000005
53,2000,Georgia,9.679166666666665
54,2000,Germany,10.287896090534979
55,2000,Ghana,26.87038888888889
56,2000,Greece,17.192095238095238
57,2000,Guatemala,19.473499999999998
58,2000,Guinea,26.014916666666668
59,2000,Guinea Bissau,27.582333333333334
60,2000,Guyana,27.047
61,2000,Haiti,26.6839
62,2000,Honduras,24.39603333333333
63,2000,Hong Kong,21.91875
64,2000,Hungary,11.78588888888889
65,2000,Iceland,2.173083333333333
66,2000,India,25.98114791133845
67,2000,Indonesia,26.622306896551724
68,2000,Iran,16.320617424242425
69,2000,Iraq,21.182458333333333
70,2000,Ireland,9.876583333333334
71,2000,Israel,19.645953703703704
72,2000,Italy,14.050831349206348
73,2000,Jamaica,26.753083333333333
74,2000,Japan,14.327082857142857
75,2000,Jordan,19.089666666666666
76,2000,Kazakhstan,5.76205
77,2000,Kenya,20.839347222222223
78,2000,Laos,24.34375
79,2000,Latvia,7.577708333333334
80,2000,Lebanon,19.464055555555557
81,2000,Lesotho,14.365666666666664
82,2000,Liberia,26.17125
83,2000,Libya,20.61255
84,2000,Lithuania,8.291916666666667
85,2000,Macedonia,10.995416666666666
86,2000,Madagascar,22.667986111111112
87,2000,Malawi,21.630666666666666
88,2000,Malaysia,26.976986979166668
89,2000,Mali,28.07836111111111
90,2000,Mauritania,27.662166666666668
91,2000,Mauritius,24.002583333333334
92,2000,Mexico,20.6131735395189
93,2000,Moldova,10.45263888888889
94,2000,Mongolia,-2.3555833333333336
95,2000,Montenegro,11.541500000000001
96,2000,Morocco,18.173725
97,2000,Mozambique,23.873034722222222
98,2000,Namibia,20.255083333333335
99,2000,Nepal,18.51484523809524
100,2000,Netherlands,10.7315
101,2000,New Zealand,13.649444444444445
102,2000,Nicaragua,27.287833333333335
103,2000,Niger,28.48033333333333
104,2000,Nigeria,26.89983791208791
105,2000,Norway,5.316125
106,2000,Oman,26.443250000000003
107,2000,Pakistan,25.157725988700566
108,2000,Panama,27.181916666666666
109,2000,Papua New Guinea,25.401583333333335
110,2000,Paraguay,23.32026666666667
111,2000,Peru,17.00223106060606
112,2000,Philippines,27.085689743589743
113,2000,Poland,9.872304824561404
114,2000,Portugal,15.460452380952383
115,2000,Puerto Rico,25.64275
116,2000,Qatar,28.05758333333333
117,2000,Reunion,23.881416666666667
118,2000,Romania,10.627166666666668
119,2000,Russia,4.682716346153846
120,2000,Rwanda,19.593333333333334
121,2000,Saudi Arabia,25.91314285714286
122,2000,Senegal,26.561270833333335
123,2000,Serbia,11.648166666666667
124,2000,Sierra Leone,26.156375
125,2000,Singapore,27.096500000000002
126,2000,Slovakia,10.636625
127,2000,Slovenia,11.445
128,2000,Somalia,27.21466666666667
129,2000,South Africa,16.585230000000003
130,2000,South Korea,11.415833333333333
131,2000,Spain,15.349911666666667
132,2000,Sri Lanka,27.24915740740741
133,2000,Sudan,28.530925000000003
134,2000,Suriname,26.857833333333332
135,2000,Swaziland,21.506583333333335
136,2000,Sweden,7.690566666666667
137,2000,Switzerland,9.124149999999998
138,2000,Syria,18.809666666666665
139,2000,Taiwan,22.446658333333335
140,2000,Tajikistan,10.310708333333332
141,2000,Tanzania,23.133234375
142,2000,Thailand,27.035940476190476
143,2000,Togo,27.233625
144,2000,Tunisia,20.064500000000002
145,2000,Turkey,13.567599673202613
146,2000,Turkmenistan,15.921555555555557
147,2000,Uganda,24.536694444444446
148,2000,Ukraine,9.449402777777777
149,2000,United Arab Emirates,27.669666666666668
150,2000,United Kingdom,10.071886029411765
151,2000,United States,14.969827172503242
152,2000,Uruguay,18.017041666666668
153,2000,Uzbekistan,13.527114583333335
154,2000,Venezuela,25.738329166666666
155,2000,Vietnam,25.19645
156,2000,Yemen,27.070916666666665
157,2000,Zambia,21.208208333333335
158,2000,Zimbabwe,19.882785714285713
159,2001,Afghanistan,15.487364583333333
160,2001,Albania,16.5885
161,2001,Algeria,19.461066666666667
162,2001,Angola,22.53763888888889
163,2001,Argentina,17.812536458333334
164,2001,Armenia,10.181166666666666
165,2001,Australia,17.55617261904762
166,2001,Austria,7.178433333333333
167,2001,Azerbaijan,12.967666666666666
168,2001,Bahamas,25.230500000000003
169,2001,Bahrain,27.355833333333333
170,2001,Bangladesh,25.531526315789474
171,2001,Belarus,7.40028125
172,2001,Belgium,10.788226190476191
173,2001,Benin,27.458680555555556
174,2001,Bolivia,11.637833333333333
175,2001,Bosnia And Herzegovina,11.367866666666666
176,2001,Botswana,19.363083333333332
177,2001,Brazil,23.085714772727275
178,2001,Bulgaria,11.74225
179,2001,Burkina Faso,28.545583333333337
180,2001,Burma,26.692233333333334
181,2001,Burundi,21.243833333333335
182,2001,Cambodia,27.47175
183,2001,Cameroon,24.947383333333335
184,2001,Canada,6.641356666666667
185,2001,Central African Republic,25.275333333333332
186,2001,Chad,27.63254166666667
187,2001,Chile,12.331743055555556
188,2001,China,13.631613377192982
189,2001,Colombia,23.31638247863248
190,2001,Congo,24.2505
191,2001,Congo (Democratic Republic Of The),23.689054347826087
192,2001,Costa Rica,25.358166666666666
193,2001,Croatia,11.7865
194,2001,Cuba,26.05539880952381
195,2001,Cyprus,20.230166666666666
196,2001,Czech Republic,8.7995
197,2001,Côte D'Ivoire,26.453044871794873
198,2001,Denmark,8.626875
199,2001,Djibouti,29.812916666666666
200,2001,Dominican Republic,26.678342592592593
201,2001,Ecuador,20.941262820512822
202,2001,Egypt,22.660188596491228
203,2001,El Salvador,25.82611111111111
204,2001,Equatorial Guinea,25.482458333333337
205,2001,Eritrea,24.613916666666668
206,2001,Estonia,5.847833333333334
207,2001,Ethiopia,21.32601851851852
208,2001,Finland,4.697566666666666
209,2001,France,11.314488425925926
210,2001,Gabon,26.170833333333334
211,2001,Gambia,26.232583333333334
212,2001,Georgia,10.181166666666668
213,2001,Germany,9.468170781893004
214,2001,Ghana,26.827953703703702
215,2001,Greece,17.567452380952382
216,2001,Guatemala,19.62175
217,2001,Guinea,26.332458333333335
218,2001,Guinea Bissau,27.950083333333335
219,2001,Guyana,27.268
220,2001,Haiti,27.112783333333333
221,2001,Honduras,24.41463333333333
222,2001,Hong Kong,22.063916666666668
223,2001,Hungary,10.61114814814815
224,2001,Iceland,2.528083333333333
225,2001,India,26.045342284739984
226,2001,Indonesia,26.660925862068964
227,2001,Iran,16.902165404040403
228,2001,Iraq,21.710729166666667
229,2001,Ireland,9.778083333333333
230,2001,Israel,20.351268518518516
231,2001,Italy,13.82720634920635
232,2001,Jamaica,27.030250000000002
233,2001,Japan,14.025729523809524
234,2001,Jordan,19.749750000000002
235,2001,Kazakhstan,5.929788888888889
236,2001,Kenya,20.405416666666667
237,2001,Laos,24.761666666666667
238,2001,Latvia,6.625666666666667
239,2001,Lebanon,20.112416666666668
240,2001,Lesotho,14.624
241,2001,Liberia,26.482333333333333
242,2001,Libya,21.273308333333333
243,2001,Lithuania,7.298466666666667
244,2001,Macedonia,10.592249999999998
245,2001,Madagascar,22.970041666666667
246,2001,Malawi,21.938625000000002
247,2001,Malaysia,27.111768229166668
248,2001,Mali,28.328277777777778
249,2001,Mauritania,28.27925
250,2001,Mauritius,24.4905
251,2001,Mexico,20.48789003436426
252,2001,Moldova,9.763583333333335
253,2001,Mongolia,-1.982
254,2001,Montenegro,11.243916666666665
255,2001,Morocco,18.62934166666667
256,2001,Mozambique,24.225
257,2001,Namibia,20.37066666666667
258,2001,Nepal,18.817869047619048
259,2001,Netherlands,10.195618055555556
260,2001,New Zealand,13.750703703703705
261,2001,Nicaragua,27.324291666666667
262,2001,Niger,28.508694444444448
263,2001,Nigeria,26.93430402930403
264,2001,Norway,3.9702916666666663
265,2001,Oman,26.526750000000003
266,2001,Pakistan,25.10566525423729
267,2001,Panama,27.037166666666668
268,2001,Papua New Guinea,25.43166666666667
269,2001,Paraguay,23.937333333333335
270,2001,Peru,17.00410606060606
271,2001,Philippines,27.207941025641023
272,2001,Poland,8.47818859649123
273,2001,Portugal,15.424309523809525
274,2001,Puerto Rico,26.127416666666665
275,2001,Qatar,28.35766666666667
276,2001,Reunion,24.273416666666666
277,2001,Romania,9.766
278,2001,Russia,4.4724802350427355
279,2001,Rwanda,19.497333333333334
280,2001,Saudi Arabia,26.00817857142857
281,2001,Senegal,27.092125
282,2001,Serbia,10.866444444444445
283,2001,Sierra Leone,26.442833333333336
284,2001,Singapore,27.189333333333337
285,2001,Slovakia,9.571541666666667
286,2001,Slovenia,10.742083333333333
287,2001,Somalia,27.028583333333334
288,2001,South Africa,16.99978
289,2001,South Korea,11.597583333333333
290,2001,Spain,15.528028333333335
291,2001,Sri Lanka,27.429712962962963
292,2001,Sudan,28.716033333333332
293,2001,Suriname,27.119
294,2001,Swaziland,21.944916666666668
295,2001,Sweden,6.5293
296,2001,Switzerland,8.521899999999999
297,2001,Syria,19.476726190476192
298,2001,Taiwan,22.569824999999998
299,2001,Tajikistan,10.575083333333334
300,2001,Tanzania,23.061192708333333
301,2001,Thailand,27.368170634920638
302,2001,Togo,27.168875
303,2001,Tunisia,20.39828333333333
304,2001,Turkey,14.580743464052288
305,2001,Turkmenistan,16.11611111111111
306,2001,Uganda,24.355027777777778
307,2001,Ukraine,9.129916666666666
308,2001,United Arab Emirates,27.823416666666667
309,2001,United Kingdom,9.789172794117647
310,2001,United States,15.171289559014266
311,2001,Uruguay,18.747958333333333
312,2001,Uzbekistan,13.6980625
313,2001,Venezuela,26.225641666666668
314,2001,Vietnam,25.375972222222224
315,2001,Yemen,26.406583333333334
316,2001,Zambia,21.413479166666665
317,2001,Zimbabwe,20.471392857142856
318,2002,Afghanistan,15.297031250000002
319,2002,Albania,16.47175
320,2002,Algeria,19.0563
321,2002,Angola,22.890027777777778
322,2002,Argentina,17.640609375
323,2002,Armenia,9.409583333333334
324,2002,Australia,17.59894642857143
325,2002,Austria,7.945366666666668
326,2002,Azerbaijan,12.449
327,2002,Bahamas,25.790666666666667
328,2002,Bahrain,27.187083333333334
329,2002,Bangladesh,25.60028947368421
330,2002,Belarus,8.04921875
331,2002,Belgium,11.283761904761905
332,2002,Benin,27.608583333333332
333,2002,Bolivia,11.919666666666666
334,2002,Bosnia And Herzegovina,11.85825
335,2002,Botswana,19.88866666666667
336,2002,Brazil,23.34655643939394
337,2002,Bulgaria,11.83404761904762
338,2002,Burkina Faso,28.762
339,2002,Burma,26.657733333333333
340,2002,Burundi,21.454666666666668
341,2002,Cambodia,27.90091666666667
342,2002,Cameroon,25.270883333333334
343,2002,Canada,6.09169
344,2002,Central African Republic,25.437749999999998
345,2002,Chad,27.762708333333336
346,2002,Chile,12.229180555555555
347,2002,China,13.959315789473685
348,2002,Colombia,23.596126068376066
349,2002,Congo,24.626499999999997
350,2002,Congo (Democratic Republic Of The),24.02861231884058
351,2002,Costa Rica,25.504500000000004
352,2002,Croatia,12.126722222222222
353,2002,Cuba,26.505440476190476
354,2002,Cyprus,20.018416666666667
355,2002,Czech Republic,9.643966666666667
356,2002,Côte D'Ivoire,26.540621794871797
357,2002,Denmark,9.398708333333333
358,2002,Djibouti,29.8595
359,2002,Dominican Republic,26.94326851851852
360,2002,Ecuador,21.56172435897436
361,2002,Egypt,22.748100877192982
362,2002,El Salvador,26.027541666666664
363,2002,Equatorial Guinea,25.780916666666666
364,2002,Eritrea,24.862750000000002
365,2002,Estonia,6.0769166666666665
366,2002,Ethiopia,21.48803703703704
367,2002,Finland,4.9306
368,2002,France,11.708453703703704
369,2002,Gabon,26.556916666666666
370,2002,Gambia,26.06533333333333
371,2002,Georgia,9.409583333333334
372,2002,Germany,9.97244547325103
373,2002,Ghana,26.977870370370372
374,2002,Greece,17.25335714285714
375,2002,Guatemala,19.926416666666665
376,2002,Guinea,26.50808333333333
377,2002,Guinea Bissau,28.096999999999998
378,2002,Guyana,27.169166666666666
379,2002,Haiti,27.342816666666668
380,2002,Honduras,24.765066666666666
381,2002,Hong Kong,22.373583333333332
382,2002,Hungary,11.548685185185185
383,2002,Iceland,2.68825
384,2002,India,26.406908141517476
385,2002,Indonesia,26.879110344827588
386,2002,Iran,16.434569444444445
387,2002,Iraq,21.0165
388,2002,Ireland,10.203916666666666
389,2002,Israel,20.160194444444443
390,2002,Italy,13.839311507936507
391,2002,Jamaica,27.2915
392,2002,Japan,14.32070619047619
393,2002,Jordan,19.468666666666667
394,2002,Kazakhstan,6.464455555555556
395,2002,Kenya,20.81993055555556
396,2002,Laos,24.752333333333336
397,2002,Latvia,7.048791666666666
398,2002,Lebanon,19.763833333333334
399,2002,Lesotho,14.6865
400,2002,Liberia,26.595166666666668
401,2002,Libya,21.075558333333333
402,2002,Lithuania,7.889233333333333
403,2002,Macedonia,10.600833333333332
404,2002,Madagascar,22.975986111111112
405,2002,Malawi,22.149833333333333
406,2002,Malaysia,27.383273437499998
407,2002,Mali,28.698277777777776
408,2002,Mauritania,27.84475
409,2002,Mauritius,24.395750000000003
410,2002,Mexico,20.67982388316151
411,2002,Moldova,10.279166666666667
412,2002,Mongolia,-1.4784999999999993
413,2002,Montenegro,11.410416666666665
414,2002,Morocco,18.264391666666665
415,2002,Mozambique,24.342312500000002
416,2002,Namibia,20.7605
417,2002,Nepal,18.823107142857143
418,2002,Netherlands,10.607538194444444
419,2002,New Zealand,13.47175925925926
420,2002,Nicaragua,27.52125
421,2002,Niger,28.870361111111112
422,2002,Nigeria,27.262270146520148
423,2002,Norway,5.0361875
424,2002,Oman,26.42375
425,2002,Pakistan,25.41136299435028
426,2002,Panama,27.67533333333333
427,2002,Papua New Guinea,25.476916666666668
428,2002,Paraguay,24.294333333333334
429,2002,Peru,17.46835606060606
430,2002,Philippines,27.160029487179486
431,2002,Poland,9.361822368421052
432,2002,Portugal,15.498571428571429
433,2002,Puerto Rico,26.334583333333335
434,2002,Qatar,28.24525
435,2002,Reunion,24.145333333333337
436,2002,Romania,10.523
437,2002,Russia,4.631524572649573
438,2002,Rwanda,19.768916666666666
439,2002,Saudi Arabia,25.97517857142857
440,2002,Senegal,26.864520833333334
441,2002,Serbia,11.228
442,2002,Sierra Leone,26.61075
443,2002,Singapore,27.40608333333333
444,2002,Slovakia,10.323916666666667
445,2002,Slovenia,11.17525
446,2002,Somalia,27.0699
447,2002,South Africa,17.089773333333333
448,2002,South Korea,11.799
449,2002,Spain,15.520443333333333
450,2002,Sri Lanka,27.56787962962963
451,2002,Sudan,29.030066666666666
452,2002,Suriname,27.137666666666664
453,2002,Swaziland,21.963083333333334
454,2002,Sweden,7.113683333333333
455,2002,Switzerland,9.0317
456,2002,Syria,19.036345238095237
457,2002,Taiwan,22.942308333333333
458,2002,Tajikistan,10.142125
459,2002,Tanzania,23.30390625
460,2002,Thailand,27.520051587301587
461,2002,Togo,27.267375
462,2002,Tunisia,20.065833333333334
463,2002,Turkey,13.726089869281045
464,2002,Turkmenistan,15.937083333333334
465,2002,Uganda,24.826527777777777
466,2002,Ukraine,9.537767361111111
467,2002,United Arab Emirates,28.001250000000002
468,2002,United Kingdom,10.423795343137256
469,2002,United States,15.141980869001296
470,2002,Uruguay,18.301708333333334
471,2002,Uzbekistan,13.412010416666666
472,2002,Venezuela,26.314672916666666
473,2002,Vietnam,25.62917777777778
474,2002,Yemen,26.422541666666664
475,2002,Zambia,21.971458333333334
476,2002,Zimbabwe,20.73536904761905
477,2003,Afghanistan,14.680031249999999
478,2003,Albania,16.692333333333337
479,2003,Algeria,19.324283333333334
480,2003,Angola,23.097236111111112
481,2003,Argentina,17.8718046875
482,2003,Armenia,9.195916666666667
483,2003,Australia,17.477500000000003
484,2003,Austria,7.593166666666667
485,2003,Azerbaijan,11.814833333333333
486,2003,Bahamas,25.806
487,2003,Bahrain,27.288833333333333
488,2003,Bangladesh,25.485855263157898
489,2003,Belarus,7.012833333333333
490,2003,Belgium,11.066642857142856
491,2003,Benin,27.796944444444446
492,2003,Bolivia,11.657263888888888
493,2003,Bosnia And Herzegovina,11.523833333333332
494,2003,Botswana,20.601333333333333
495,2003,Brazil,22.968731818181816
496,2003,Bulgaria,10.988214285714285
497,2003,Burkina Faso,28.664041666666666
498,2003,Burma,26.574666666666666
499,2003,Burundi,21.652583333333336
500,2003,Cambodia,27.556916666666666
501,2003,Cameroon,25.301772222222226
502,2003,Canada,5.52538
503,2003,Central African Republic,25.526666666666667
504,2003,Chad,28.008875
505,2003,Chile,12.474194444444445
506,2003,China,13.647091666666666
507,2003,Colombia,23.56873076923077
508,2003,Congo,24.636333333333337
509,2003,Congo (Democratic Republic Of The),24.048373188405797
510,2003,Costa Rica,25.808833333333336
511,2003,Croatia,11.930250000000001
512,2003,Cuba,26.569714285714284
513,2003,Cyprus,19.993916666666667
514,2003,Czech Republic,9.257783333333332
515,2003,Côte D'Ivoire,26.74915384615385
516,2003,Denmark,8.939583333333333
517,2003,Djibouti,30.095250000000004
518,2003,Dominican Republic,26.99435185185185
519,2003,Ecuador,21.436814102564103
520,2003,Egypt,22.51421052631579
521,2003,El Salvador,26.126583333333333
522,2003,Equatorial Guinea,25.873541666666668
523,2003,Eritrea,24.9795
524,2003,Estonia,5.5384166666666665
525,2003,Ethiopia,21.459916666666665
526,2003,Finland,4.62415
527,2003,France,11.970787037037038
528,2003,Gabon,26.673875
529,2003,Gambia,25.804916666666667
530,2003,Georgia,9.195916666666667
531,2003,Germany,9.869737654320987
532,2003,Ghana,27.165944444444445
533,2003,Greece,17.000833333333333
534,2003,Guatemala,20.1205
535,2003,Guinea,26.4695625
536,2003,Guinea Bissau,27.767833333333332
537,2003,Guyana,27.626416666666668
538,2003,Haiti,27.41936666666667
539,2003,Honduras,24.775700000000004
540,2003,Hong Kong,22.209416666666666
541,2003,Hungary,10.678953703703703
542,2003,Iceland,3.54425
543,2003,India,26.127114023870416
544,2003,Indonesia,26.869094252873566
545,2003,Iran,16.206463383838383
546,2003,Iraq,21.114
547,2003,Ireland,10.258541666666668
548,2003,Israel,19.997212962962962
549,2003,Italy,14.183736111111111
550,2003,Jamaica,27.383861111111113
551,2003,Japan,13.902751904761905
552,2003,Jordan,19.297
553,2003,Kazakhstan,5.472372222222223
554,2003,Kenya,21.07538888888889
555,2003,Laos,24.796166666666668
556,2003,Latvia,6.3280416666666675
557,2003,Lebanon,19.665666666666667
558,2003,Lesotho,15.007333333333333
559,2003,Liberia,26.688750000000002
560,2003,Libya,21.106483333333337
561,2003,Lithuania,7.0364
562,2003,Macedonia,10.436333333333334
563,2003,Madagascar,22.853541666666665
564,2003,Malawi,22.147833333333335
565,2003,Malaysia,27.195359375
566,2003,Mali,28.534444444444446
567,2003,Mauritania,27.630916666666668
568,2003,Mauritius,24.517083333333332
569,2003,Mexico,20.81104295532646
570,2003,Moldova,9.1855
571,2003,Mongolia,-2.4066666666666667
572,2003,Montenegro,11.295499999999999
573,2003,Morocco,18.429941666666664
574,2003,Mozambique,24.36609027777778
575,2003,Namibia,21.368333333333336
576,2003,Nepal,18.737119047619046
577,2003,Netherlands,10.267965277777778
578,2003,New Zealand,13.468768518518518
579,2003,Nicaragua,27.823625000000003
580,2003,Niger,28.87097222222222
581,2003,Nigeria,27.3031163003663
582,2003,Norway,5.0676875
583,2003,Oman,26.849083333333336
584,2003,Pakistan,24.636382768361585
585,2003,Panama,27.706416666666666
586,2003,Papua New Guinea,25.490916666666667
587,2003,Paraguay,23.854816666666668
588,2003,Peru,17.304568181818183
589,2003,Philippines,27.114628205128206
590,2003,Poland,8.623269736842104
591,2003,Portugal,15.899440476190474
592,2003,Puerto Rico,26.33075
593,2003,Qatar,28.377666666666666
594,2003,Reunion,24.197000000000003
595,2003,Romania,9.461129999999999
596,2003,Russia,4.357597756410256
597,2003,Rwanda,19.927833333333336
598,2003,Saudi Arabia,26.174011904761908
599,2003,Senegal,26.643864583333336
600,2003,Serbia,10.728416666666668
601,2003,Sierra Leone,26.568791666666666
602,2003,Singapore,27.311833333333336
603,2003,Slovakia,9.612458333333334
604,2003,Slovenia,10.834249999999999
605,2003,Somalia,27.333633333333335
606,2003,South Africa,17.49509
607,2003,South Korea,11.797583333333334
608,2003,Spain,15.884988333333334
609,2003,Sri Lanka,27.579342592592592
610,2003,Sudan,28.823308333333333
611,2003,Suriname,27.494333333333334
612,2003,Swaziland,22.3175
613,2003,Sweden,6.7953
614,2003,Switzerland,9.244383333333333
615,2003,Syria,18.96816666666667
616,2003,Taiwan,22.68955
617,2003,Tajikistan,9.742041666666667
618,2003,Tanzania,23.605015625000004
619,2003,Thailand,27.34661507936508
620,2003,Togo,27.453833333333336
621,2003,Tunisia,20.32435
622,2003,Turkey,13.650212418300654
623,2003,Turkmenistan,15.212833333333334
624,2003,Uganda,24.812472222222222
625,2003,Ukraine,8.376055555555556
626,2003,United Arab Emirates,28.122416666666666
627,2003,United Kingdom,10.374882352941176
628,2003,United States,14.968208819714656
629,2003,Uruguay,17.934916666666666
630,2003,Uzbekistan,12.874135416666666
631,2003,Venezuela,26.390352083333333
632,2003,Vietnam,25.65216666666667
633,2003,Yemen,26.780625
634,2003,Zambia,21.73301041666667
635,2003,Zimbabwe,20.55086904761905
636,2004,Afghanistan,15.604875
637,2004,Albania,16.16225
638,2004,Algeria,18.72458333333333
639,2004,Angola,22.49740277777778
640,2004,Argentina,17.695260416666667
641,2004,Armenia,9.549833333333332
642,2004,Australia,17.482589285714283
643,2004,Austria,7.011666666666667
644,2004,Azerbaijan,12.755583333333334
645,2004,Bahamas,25.461583333333333
646,2004,Bahrain,27.065250000000002
647,2004,Bangladesh,25.628934210526314
648,2004,Belarus,7.222145833333333
649,2004,Belgium,10.757488095238095
650,2004,Benin,27.67747222222222
651,2004,Bolivia,12.105777777777778
652,2004,Bosnia And Herzegovina,11.01525
653,2004,Botswana,19.406583333333334
654,2004,Brazil,22.54703409090909
655,2004,Bulgaria,11.35767857142857
656,2004,Burkina Faso,28.69879166666667
657,2004,Burma,26.515833333333333
658,2004,Burundi,21.707166666666666
659,2004,Cambodia,27.47125
660,2004,Cameroon,25.474655555555557
661,2004,Canada,5.66587
662,2004,Central African Republic,25.665583333333334
663,2004,Chad,28.158875
664,2004,Chile,12.46978125
665,2004,China,13.88140899122807
666,2004,Colombia,23.426188034188034
667,2004,Congo,24.66433333333333
668,2004,Congo (Democratic Republic Of The),23.997423913043477
669,2004,Costa Rica,25.758
670,2004,Croatia,11.180472222222223
671,2004,Cuba,26.465934523809523
672,2004,Cyprus,19.840833333333332
673,2004,Czech Republic,8.92225
674,2004,Côte D'Ivoire,26.68171153846154
675,2004,Denmark,8.957416666666667
676,2004,Djibouti,29.878916666666665
677,2004,Dominican Republic,26.647564814814814
678,2004,Ecuador,21.40621794871795
679,2004,Egypt,22.40647807017544
680,2004,El Salvador,26.100624999999997
681,2004,Equatorial Guinea,25.945958333333333
682,2004,Eritrea,24.792916666666667
683,2004,Estonia,5.818833333333333
684,2004,Ethiopia,21.356074074074076
685,2004,Finland,4.9491
686,2004,France,11.200210648148149
687,2004,Gabon,26.52391666666667
688,2004,Gambia,25.953666666666667
689,2004,Georgia,9.549833333333334
690,2004,Germany,9.379865226337447
691,2004,Ghana,27.038083333333333
692,2004,Greece,17.051523809523808
693,2004,Guatemala,19.850749999999998
694,2004,Guinea,26.458458333333336
695,2004,Guinea Bissau,27.927166666666665
696,2004,Guyana,27.444999999999997
697,2004,Haiti,27.275466666666667
698,2004,Honduras,24.730866666666667
699,2004,Hong Kong,22.00316666666667
700,2004,Hungary,10.423398148148149
701,2004,Iceland,3.076166666666667
702,2004,India,26.119607843137253
703,2004,Indonesia,26.85178735632184
704,2004,Iran,16.382236111111112
705,2004,Iraq,20.9285625
706,2004,Ireland,10.195500000000001
707,2004,Israel,19.887787037037036
708,2004,Italy,13.444543650793651
709,2004,Jamaica,27.227555555555554
710,2004,Japan,14.916357142857144
711,2004,Jordan,19.22458333333333
712,2004,Kazakhstan,6.428616666666667
713,2004,Kenya,21.050625
714,2004,Laos,24.34958333333333
715,2004,Latvia,6.355208333333334
716,2004,Lebanon,19.555305555555556
717,2004,Lesotho,14.905416666666667
718,2004,Liberia,26.6035
719,2004,Libya,20.837058333333335
720,2004,Lithuania,7.022616666666667
721,2004,Macedonia,10.250916666666667
722,2004,Madagascar,22.78648611111111
723,2004,Malawi,21.770666666666667
724,2004,Malaysia,27.212192708333333
725,2004,Mali,28.677555555555557
726,2004,Mauritania,27.812749999999998
727,2004,Mauritius,24.254583333333333
728,2004,Mexico,20.474567869415807
729,2004,Moldova,9.649666666666668
730,2004,Mongolia,-1.510166666666666
731,2004,Montenegro,10.8275
732,2004,Morocco,18.204733333333333
733,2004,Mozambique,24.057791666666667
734,2004,Namibia,21.006333333333334
735,2004,Nepal,18.72975
736,2004,Netherlands,10.223767361111111
737,2004,New Zealand,12.974361111111111
738,2004,Nicaragua,27.720791666666667
739,2004,Niger,28.978
740,2004,Nigeria,27.381256410256412
741,2004,Norway,4.9925625
742,2004,Oman,26.61583333333333
743,2004,Pakistan,25.419259887005648
744,2004,Panama,27.556583333333336
745,2004,Papua New Guinea,25.233583333333332
746,2004,Paraguay,23.337516666666666
747,2004,Peru,17.270882575757575
748,2004,Philippines,27.161697435897434
749,2004,Poland,8.608401315789473
750,2004,Portugal,15.528488095238096
751,2004,Puerto Rico,25.94408333333333
752,2004,Qatar,28.196749999999998
753,2004,Reunion,24.08541666666667
754,2004,Romania,9.7026
755,2004,Russia,4.733629807692307
756,2004,Rwanda,19.929166666666667
757,2004,Saudi Arabia,25.838226190476192
758,2004,Senegal,26.780010416666666
759,2004,Serbia,10.541972222222222
760,2004,Sierra Leone,26.591708333333333
761,2004,Singapore,27.328666666666667
762,2004,Slovakia,9.305916666666667
763,2004,Slovenia,10.058083333333334
764,2004,Somalia,27.212116666666667
765,2004,South Africa,16.986123333333335
766,2004,South Korea,12.248416666666666
767,2004,Spain,15.332036666666665
768,2004,Sri Lanka,27.38162037037037
769,2004,Sudan,28.854475
770,2004,Suriname,27.467916666666667
771,2004,Swaziland,21.894000000000002
772,2004,Sweden,6.8132166666666665
773,2004,Switzerland,8.381733333333333
774,2004,Syria,18.89909523809524
775,2004,Taiwan,22.422905555555555
776,2004,Tajikistan,10.737916666666665
777,2004,Tanzania,23.377671875
778,2004,Thailand,27.282630952380952
779,2004,Togo,27.312749999999998
780,2004,Tunisia,19.71145
781,2004,Turkey,13.684870915032679
782,2004,Turkmenistan,16.26188888888889
783,2004,Uganda,24.77958333333333
784,2004,Ukraine,9.031729166666667
785,2004,United Arab Emirates,28.0685
786,2004,United Kingdom,10.366041666666668
787,2004,United States,14.980913424124514
788,2004,Uruguay,18.380375
789,2004,Uzbekistan,13.9275
790,2004,Venezuela,26.053856250000003
791,2004,Vietnam,25.284763888888886
792,2004,Yemen,26.767666666666667
793,2004,Zambia,21.406135416666668
794,2004,Zimbabwe,19.988607142857145
795,2005,Afghanistan,14.57515625
796,2005,Albania,15.66725
797,2005,Algeria,18.591683333333332
798,2005,Angola,22.63227777777778
799,2005,Argentina,17.478361979166667
800,2005,Armenia,9.580833333333334
801,2005,Australia,17.754285714285714
802,2005,Austria,6.746766666666667
803,2005,Azerbaijan,12.88375
804,2005,Bahamas,25.4305
805,2005,Bahrain,26.893583333333336
806,2005,Bangladesh,25.735697368421054
807,2005,Belarus,7.284781249999999
808,2005,Belgium,10.996619047619047
809,2005,Benin,27.917708333333334
810,2005,Bolivia,11.663569444444443
811,2005,Bosnia And Herzegovina,10.312433333333333
812,2005,Botswana,20.423583333333337
813,2005,Brazil,23.054069696969698
814,2005,Bulgaria,10.947952380952382
815,2005,Burkina Faso,29.003666666666664
816,2005,Burma,26.895699999999998
817,2005,Burundi,22.2855
818,2005,Cambodia,27.670583333333337
819,2005,Cameroon,25.542066666666667
820,2005,Canada,6.314966666666667
821,2005,Central African Republic,25.916750000000004
822,2005,Chad,28.418374999999997
823,2005,Chile,12.258465277777779
824,2005,China,13.442465789473685
825,2005,Colombia,23.527209401709403
826,2005,Congo,24.705333333333332
827,2005,Congo (Democratic Republic Of The),24.402626811594203
828,2005,Costa Rica,25.652
829,2005,Croatia,10.685194444444445
830,2005,Cuba,26.3424880952381
831,2005,Cyprus,19.825083333333335
832,2005,Czech Republic,8.816033333333333
833,2005,Côte D'Ivoire,26.68848076923077
834,2005,Denmark,9.029625
835,2005,Djibouti,30.163583333333335
836,2005,Dominican Republic,26.842972222222222
837,2005,Ecuador,21.227358974358975
838,2005,Egypt,22.424013157894738
839,2005,El Salvador,25.96972222222222
840,2005,Equatorial Guinea,25.907833333333333
841,2005,Eritrea,24.848083333333335
842,2005,Estonia,5.847458333333333
843,2005,Ethiopia,21.42187037037037
844,2005,Finland,5.3822833333333335
845,2005,France,11.17074537037037
846,2005,Gabon,26.535291666666666
847,2005,Gambia,26.383333333333336
848,2005,Georgia,9.580833333333333
849,2005,Germany,9.539522633744856
850,2005,Ghana,27.124296296296297
851,2005,Greece,16.85855952380952
852,2005,Guatemala,19.992416666666667
853,2005,Guinea,26.54225
854,2005,Guinea Bissau,28.24083333333333
855,2005,Guyana,27.70575
856,2005,Haiti,27.27775
857,2005,Honduras,24.959433333333333
858,2005,Hong Kong,21.845416666666665
859,2005,Hungary,10.042166666666667
860,2005,Iceland,2.327
861,2005,India,26.012253836317136
862,2005,Indonesia,26.819732758620688
863,2005,Iran,16.16497222222222
864,2005,Iraq,20.863645833333333
865,2005,Ireland,10.315666666666667
866,2005,Israel,19.850824074074076
867,2005,Italy,12.89460515873016
868,2005,Jamaica,27.126777777777775
869,2005,Japan,13.941821428571428
870,2005,Jordan,19.152916666666666
871,2005,Kazakhstan,6.003705555555555
872,2005,Kenya,21.387013888888887
873,2005,Laos,24.90925
874,2005,Latvia,6.398333333333333
875,2005,Lebanon,19.503916666666665
876,2005,Lesotho,14.885666666666665
877,2005,Liberia,26.60591666666667
878,2005,Libya,20.680425
879,2005,Lithuania,7.126216666666666
880,2005,Macedonia,9.618583333333332
881,2005,Madagascar,22.960930555555557
882,2005,Malawi,22.712500000000002
883,2005,Malaysia,27.33071875
884,2005,Mali,28.790805555555558
885,2005,Mauritania,28.144750000000002
886,2005,Mauritius,24.155916666666666
887,2005,Mexico,20.903975085910652
888,2005,Moldova,9.627916666666668
889,2005,Mongolia,-2.36375
890,2005,Montenegro,10.135916666666667
891,2005,Morocco,18.141358333333336
892,2005,Mozambique,24.679826388888888
893,2005,Namibia,20.457666666666668
894,2005,Nepal,18.941333333333336
895,2005,Netherlands,10.432899305555557
896,2005,New Zealand,13.880833333333335
897,2005,Nicaragua,27.611958333333334
898,2005,Niger,29.324944444444448
899,2005,Nigeria,27.504378205128205
900,2005,Norway,5.089916666666666
901,2005,Oman,26.59091666666667
902,2005,Pakistan,24.491765536723168
903,2005,Panama,27.52525
904,2005,Papua New Guinea,25.512333333333334
905,2005,Paraguay,23.509016666666664
906,2005,Peru,17.093
907,2005,Philippines,27.21088076923077
908,2005,Poland,8.599491228070175
909,2005,Portugal,15.661714285714286
910,2005,Puerto Rico,26.300583333333336
911,2005,Qatar,28.086166666666667
912,2005,Reunion,23.909833333333335
913,2005,Romania,9.317316666666667
914,2005,Russia,4.804782585470085
915,2005,Rwanda,20.286666666666665
916,2005,Saudi Arabia,25.839273809523814
917,2005,Senegal,27.09647916666667
918,2005,Serbia,9.860083333333332
919,2005,Sierra Leone,26.675083333333333
920,2005,Singapore,27.493583333333333
921,2005,Slovakia,9.089708333333334
922,2005,Slovenia,9.618250000000002
923,2005,Somalia,27.398716666666665
924,2005,South Africa,17.436958333333337
925,2005,South Korea,11.161833333333334
926,2005,Spain,15.205193333333334
927,2005,Sri Lanka,27.49589814814815
928,2005,Sudan,29.102683333333335
929,2005,Suriname,27.69575
930,2005,Swaziland,22.266916666666663
931,2005,Sweden,7.073566666666666
932,2005,Switzerland,8.1555
933,2005,Syria,18.833976190476193
934,2005,Taiwan,22.269122222222222
935,2005,Tajikistan,10.182541666666667
936,2005,Tanzania,24.011421875
937,2005,Thailand,27.51061904761905
938,2005,Togo,27.506333333333334
939,2005,Tunisia,19.498033333333336
940,2005,Turkey,13.753831699346405
941,2005,Turkmenistan,16.082527777777777
942,2005,Uganda,24.994722222222222
943,2005,Ukraine,9.124559027777778
944,2005,United Arab Emirates,27.89725
945,2005,United Kingdom,10.30286274509804
946,2005,United States,15.162541180285345
947,2005,Uruguay,18.316583333333334
948,2005,Uzbekistan,13.482635416666668
949,2005,Venezuela,26.412870833333333
950,2005,Vietnam,25.45524166666667
951,2005,Yemen,26.924833333333336
952,2005,Zambia,22.4355
953,2005,Zimbabwe,21.173321428571427
954,2006,Afghanistan,15.329614583333333
955,2006,Albania,15.921
956,2006,Algeria,19.36146666666667
957,2006,Angola,21.917902777777776
958,2006,Argentina,18.003708333333332
959,2006,Armenia,9.8885
960,2006,Australia,17.48914880952381
961,2006,Austria,7.398016666666667
962,2006,Azerbaijan,12.657916666666667
963,2006,Bahamas,25.34183333333333
964,2006,Bahrain,27.148833333333332
965,2006,Bangladesh,26.02534210526316
966,2006,Belarus,7.2633125000000005
967,2006,Belgium,11.332952380952381
968,2006,Benin,27.93675
969,2006,Bolivia,11.791097222222223
970,2006,Bosnia And Herzegovina,11.054666666666666
971,2006,Botswana,18.96558333333333
972,2006,Brazil,22.880445075757574
973,2006,Bulgaria,11.252761904761904
974,2006,Burkina Faso,28.71245833333333
975,2006,Burma,26.718320833333333
976,2006,Burundi,21.825
977,2006,Cambodia,27.657083333333333
978,2006,Cameroon,25.56797222222222
979,2006,Canada,6.934636666666667
980,2006,Central African Republic,25.849999999999998
981,2006,Chad,28.343041666666668
982,2006,Chile,12.60704513888889
983,2006,China,14.00955592105263
984,2006,Colombia,23.42346794871795
985,2006,Congo,24.587166666666665
986,2006,Congo (Democratic Republic Of The),23.981047101449278
987,2006,Costa Rica,25.762916666666666
988,2006,Croatia,11.565166666666666
989,2006,Cuba,26.36469642857143
990,2006,Cyprus,19.788083333333333
991,2006,Czech Republic,9.336350000000001
992,2006,Côte D'Ivoire,26.62250641025641
993,2006,Denmark,9.627833333333333
994,2006,Djibouti,30.127
995,2006,Dominican Republic,26.94187037037037
996,2006,Ecuador,21.40504487179487
997,2006,Egypt,22.41713596491228
998,2006,El Salvador,26.06076388888889
999,2006,Equatorial Guinea,26.01291666666667
1000,2006,Eritrea,24.69775
1001,2006,Estonia,6.397291666666667
1002,2006,Ethiopia,21.446546296296294
1003,2006,Finland,5.406166666666667
1004,2006,France,11.784567129629629
1005,2006,Gabon,26.78475
1006,2006,Gambia,25.845166666666668
1007,2006,Georgia,9.8885
1008,2006,Germany,10.072664609053497
1009,2006,Ghana,27.15127777777778
1010,2006,Greece,16.804940476190477
1011,2006,Guatemala,19.875666666666667
1012,2006,Guinea,26.195604166666666
1013,2006,Guinea Bissau,27.639416666666666
1014,2006,Guyana,27.494583333333335
1015,2006,Haiti,27.313266666666667
1016,2006,Honduras,24.829349999999998
1017,2006,Hong Kong,22.230083333333337
1018,2006,Hungary,10.720305555555555
1019,2006,Iceland,2.650916666666667
1020,2006,India,26.26153537936914
1021,2006,Indonesia,26.79106551724138
1022,2006,Iran,16.512968434343435
1023,2006,Iraq,21.0435625
1024,2006,Ireland,10.427666666666667
1025,2006,Israel,19.786212962962964
1026,2006,Italy,13.655041666666666
1027,2006,Jamaica,27.34875
1028,2006,Japan,14.1449
1029,2006,Jordan,19.067083333333333
1030,2006,Kazakhstan,5.9276
1031,2006,Kenya,21.027472222222222
1032,2006,Laos,24.922916666666666
1033,2006,Latvia,6.963416666666667
1034,2006,Lebanon,19.415972222222223
1035,2006,Lesotho,14.180416666666666
1036,2006,Liberia,26.442333333333334
1037,2006,Libya,20.869374999999998
1038,2006,Lithuania,7.666133333333334
1039,2006,Macedonia,9.979416666666667
1040,2006,Madagascar,23.00401388888889
1041,2006,Malawi,22.02425
1042,2006,Malaysia,27.163065104166666
1043,2006,Mali,28.302083333333332
1044,2006,Mauritania,27.818
1045,2006,Mauritius,24.31975
1046,2006,Mexico,20.83872852233677
1047,2006,Moldova,9.32788888888889
1048,2006,Mongolia,-1.5641666666666676
1049,2006,Montenegro,10.557333333333334
1050,2006,Morocco,18.477041666666665
1051,2006,Mozambique,24.210631944444444
1052,2006,Namibia,19.415583333333334
1053,2006,Nepal,19.282869047619048
1054,2006,Netherlands,10.91963888888889
1055,2006,New Zealand,13.264685185185185
1056,2006,Nicaragua,27.80616666666667
1057,2006,Niger,29.1305
1058,2006,Nigeria,27.60892032967033
1059,2006,Norway,5.638020833333333
1060,2006,Oman,26.512416666666667
1061,2006,Pakistan,24.896190677966104
1062,2006,Panama,27.559749999999998
1063,2006,Papua New Guinea,25.044416666666667
1064,2006,Paraguay,24.071383333333333
1065,2006,Peru,17.514181818181818
1066,2006,Philippines,27.266201282051284
1067,2006,Poland,9.018469298245613
1068,2006,Portugal,16.079642857142858
1069,2006,Puerto Rico,26.27125
1070,2006,Qatar,28.115750000000002
1071,2006,Reunion,24.049083333333332
1072,2006,Romania,9.604773333333334
1073,2006,Russia,4.114816773504273
1074,2006,Rwanda,20.022083333333335
1075,2006,Saudi Arabia,25.857702380952382
1076,2006,Senegal,26.65725
1077,2006,Serbia,10.449208333333333
1078,2006,Sierra Leone,26.300708333333333
1079,2006,Singapore,27.32841666666667
1080,2006,Slovakia,9.644083333333333
1081,2006,Slovenia,10.5565
1082,2006,Somalia,27.184316666666668
1083,2006,South Africa,16.608815
1084,2006,South Korea,12.007916666666667
1085,2006,Spain,15.983856666666668
1086,2006,Sri Lanka,27.33888888888889
1087,2006,Sudan,28.616741666666666
1088,2006,Suriname,27.33775
1089,2006,Swaziland,21.675
1090,2006,Sweden,7.555716666666667
1091,2006,Switzerland,8.931816666666666
1092,2006,Syria,18.812607142857143
1093,2006,Taiwan,22.884130555555558
1094,2006,Tajikistan,10.411916666666666
1095,2006,Tanzania,23.357015625
1096,2006,Thailand,27.449976190476193
1097,2006,Togo,27.527541666666668
1098,2006,Tunisia,20.128633333333333
1099,2006,Turkey,13.718906862745097
1100,2006,Turkmenistan,16.043805555555554
1101,2006,Uganda,24.70775
1102,2006,Ukraine,8.62129513888889
1103,2006,United Arab Emirates,27.9405
1104,2006,United Kingdom,10.650053921568627
1105,2006,United States,15.492708819714657
1106,2006,Uruguay,18.539333333333335
1107,2006,Uzbekistan,13.56128125
1108,2006,Venezuela,26.2818125
1109,2006,Vietnam,25.67898333333333
1110,2006,Yemen,26.755958333333336
1111,2006,Zambia,21.50371875
1112,2006,Zimbabwe,20.307083333333335
1113,2007,Afghanistan,14.96340625
1114,2007,Albania,16.672
1115,2007,Algeria,18.77153333333333
1116,2007,Angola,22.37783333333333
1117,2007,Argentina,16.919510416666665
1118,2007,Armenia,9.438
1119,2007,Australia,17.878029761904763
1120,2007,Austria,8.098633333333334
1121,2007,Azerbaijan,12.746
1122,2007,Bahamas,25.714166666666667
1123,2007,Bahrain,27.133916666666668
1124,2007,Bangladesh,25.58497807017544
1125,2007,Belarus,8.27071875
1126,2007,Belgium,11.37997619047619
1127,2007,Benin,27.859972222222225
1128,2007,Bolivia,11.66648611111111
1129,2007,Bosnia And Herzegovina,11.977983333333333
1130,2007,Botswana,19.706500000000002
1131,2007,Brazil,23.03984696969697
1132,2007,Bulgaria,12.44104761904762
1133,2007,Burkina Faso,28.74825
1134,2007,Burma,26.509841666666667
1135,2007,Burundi,21.283916666666666
1136,2007,Cambodia,27.48
1137,2007,Cameroon,25.489238888888888
1138,2007,Canada,5.9304033333333335
1139,2007,Central African Republic,25.883083333333335
1140,2007,Chad,28.009124999999997
1141,2007,Chile,11.677895833333332
1142,2007,China,14.267246929824562
1143,2007,Colombia,23.365972222222222
1144,2007,Congo,24.5705
1145,2007,Congo (Democratic Republic Of The),23.815514492753625
1146,2007,Costa Rica,25.626916666666663
1147,2007,Croatia,12.305638888888888
1148,2007,Cuba,26.47061904761905
1149,2007,Cyprus,20.200333333333333
1150,2007,Czech Republic,10.054616666666668
1151,2007,Côte D'Ivoire,26.779788461538462
1152,2007,Denmark,9.700916666666666
1153,2007,Djibouti,30.136833333333332
1154,2007,Dominican Republic,26.987462962962965
1155,2007,Ecuador,21.07817307692308
1156,2007,Egypt,22.659390350877196
1157,2007,El Salvador,25.894708333333334
1158,2007,Equatorial Guinea,26.04675
1159,2007,Eritrea,24.700666666666667
1160,2007,Estonia,6.724125
1161,2007,Ethiopia,21.255675925925924
1162,2007,Finland,5.586516666666667
1163,2007,France,11.569236111111111
1164,2007,Gabon,26.792125000000002
1165,2007,Gambia,25.906916666666664
1166,2007,Georgia,9.438
1167,2007,Germany,10.286590534979425
1168,2007,Ghana,27.19437962962963
1169,2007,Greece,17.662726190476192
1170,2007,Guatemala,19.898083333333332
1171,2007,Guinea,26.352208333333333
1172,2007,Guinea Bissau,27.825
1173,2007,Guyana,27.297583333333336
1174,2007,Haiti,27.382616666666667
1175,2007,Honduras,24.552650000000003
1176,2007,Hong Kong,22.31141666666667
1177,2007,Hungary,11.82638888888889
1178,2007,Iceland,2.6588333333333334
1179,2007,India,26.12591346973572
1180,2007,Indonesia,26.682327586206895
1181,2007,Iran,16.107088383838384
1182,2007,Iraq,21.0734375
1183,2007,Ireland,10.562708333333333
1184,2007,Israel,20.117407407407406
1185,2007,Italy,13.998736111111112
1186,2007,Jamaica,27.354305555555555
1187,2007,Japan,14.605408095238095
1188,2007,Jordan,19.471833333333333
1189,2007,Kazakhstan,6.44206111111111
1190,2007,Kenya,20.80604166666667
1191,2007,Laos,24.805916666666665
1192,2007,Latvia,7.34175
1193,2007,Lebanon,19.85183333333333
1194,2007,Lesotho,14.808166666666667
1195,2007,Liberia,26.527416666666667
1196,2007,Libya,21.003458333333334
1197,2007,Lithuania,8.036800000000001
1198,2007,Macedonia,11.265166666666667
1199,2007,Madagascar,22.961472222222223
1200,2007,Malawi,22.012874999999998
1201,2007,Malaysia,27.0749609375
1202,2007,Mali,28.51702777777778
1203,2007,Mauritania,27.875416666666666
1204,2007,Mauritius,24.284333333333333
1205,2007,Mexico,20.597421821305844
1206,2007,Moldova,11.159694444444446
1207,2007,Mongolia,0.20008333333333303
1208,2007,Montenegro,11.587666666666665
1209,2007,Morocco,18.036749999999998
1210,2007,Mozambique,24.176118055555555
1211,2007,Namibia,20.492250000000002
1212,2007,Nepal,18.908285714285714
1213,2007,Netherlands,11.004614583333332
1214,2007,New Zealand,13.65062037037037
1215,2007,Nicaragua,27.617208333333334
1216,2007,Niger,29.17727777777778
1217,2007,Nigeria,27.526175824175823
1218,2007,Norway,5.011791666666666
1219,2007,Oman,26.948833333333337
1220,2007,Pakistan,24.9737697740113
1221,2007,Panama,27.505083333333335
1222,2007,Papua New Guinea,25.201833333333337
1223,2007,Paraguay,23.295633333333335
1224,2007,Peru,16.89696212121212
1225,2007,Philippines,27.25609871794872
1226,2007,Poland,9.604195175438596
1227,2007,Portugal,15.322904761904763
1228,2007,Puerto Rico,26.473416666666665
1229,2007,Qatar,28.227333333333334
1230,2007,Reunion,24.026666666666667
1231,2007,Romania,11.04206
1232,2007,Russia,5.407830662393163
1233,2007,Rwanda,19.601916666666668
1234,2007,Saudi Arabia,25.946583333333333
1235,2007,Senegal,26.746395833333334
1236,2007,Serbia,11.640541666666667
1237,2007,Sierra Leone,26.425166666666666
1238,2007,Singapore,27.13
1239,2007,Slovakia,10.694208333333334
1240,2007,Slovenia,11.306833333333335
1241,2007,Somalia,27.393483333333332
1242,2007,South Africa,17.12282
1243,2007,South Korea,12.252166666666668
1244,2007,Spain,15.198973333333333
1245,2007,Sri Lanka,27.333203703703703
1246,2007,Sudan,28.57485
1247,2007,Suriname,27.185083333333335
1248,2007,Swaziland,21.90975
1249,2007,Sweden,7.420100000000001
1250,2007,Switzerland,9.002116666666666
1251,2007,Syria,19.169440476190477
1252,2007,Taiwan,22.824252777777776
1253,2007,Tajikistan,10.236333333333333
1254,2007,Tanzania,23.255614583333337
1255,2007,Thailand,27.335583333333332
1256,2007,Togo,27.658375000000003
1257,2007,Tunisia,20.0362
1258,2007,Turkey,14.232375816993464
1259,2007,Turkmenistan,15.860499999999998
1260,2007,Uganda,24.451222222222224
1261,2007,Ukraine,10.249357638888888
1262,2007,United Arab Emirates,28.07625
1263,2007,United Kingdom,10.487235294117648
1264,2007,United States,15.19268028534371
1265,2007,Uruguay,17.6015
1266,2007,Uzbekistan,13.503729166666666
1267,2007,Venezuela,26.359822916666666
1268,2007,Vietnam,25.50440833333333
1269,2007,Yemen,26.730125
1270,2007,Zambia,21.423312499999998
1271,2007,Zimbabwe,20.327928571428572
1272,2008,Afghanistan,14.988822916666665
1273,2008,Albania,16.707583333333332
1274,2008,Algeria,18.91645
1275,2008,Angola,22.385097222222225
1276,2008,Argentina,17.78422395833333
1277,2008,Armenia,9.511333333333333
1278,2008,Australia,17.282660714285715
1279,2008,Austria,7.91495
1280,2008,Azerbaijan,12.299999999999999
1281,2008,Bahamas,25.629500000000004
1282,2008,Bahrain,26.961333333333332
1283,2008,Bangladesh,25.606929824561405
1284,2008,Belarus,8.412416666666667
1285,2008,Belgium,10.747940476190475
1286,2008,Benin,27.592152777777777
1287,2008,Bolivia,11.460555555555555
1288,2008,Bosnia And Herzegovina,12.065666666666665
1289,2008,Botswana,19.634083333333333
1290,2008,Brazil,22.629956060606062
1291,2008,Bulgaria,12.104166666666666
1292,2008,Burkina Faso,28.305000000000003
1293,2008,Burma,26.511829166666665
1294,2008,Burundi,21.292916666666667
1295,2008,Cambodia,27.179333333333332
1296,2008,Cameroon,25.35137777777778
1297,2008,Canada,5.60093
1298,2008,Central African Republic,25.758166666666668
1299,2008,Chad,27.750666666666664
1300,2008,Chile,12.599159722222222
1301,2008,China,13.689622149122808
1302,2008,Colombia,22.995405982905982
1303,2008,Congo,24.51591666666667
1304,2008,Congo (Democratic Republic Of The),23.775347826086957
1305,2008,Costa Rica,25.28033333333333
1306,2008,Croatia,12.134861111111112
1307,2008,Cuba,26.231226190476193
1308,2008,Cyprus,20.40491666666667
1309,2008,Czech Republic,9.917566666666668
1310,2008,Côte D'Ivoire,26.628519230769232
1311,2008,Denmark,9.723041666666665
1312,2008,Djibouti,29.68841666666667
1313,2008,Dominican Republic,26.523046296296297
1314,2008,Ecuador,21.01250641025641
1315,2008,Egypt,22.928394736842105
1316,2008,El Salvador,25.60602777777778
1317,2008,Equatorial Guinea,25.989208333333334
1318,2008,Eritrea,24.78741666666667
1319,2008,Estonia,7.161041666666667
1320,2008,Ethiopia,21.224879629629626
1321,2008,Finland,6.038016666666667
1322,2008,France,11.167898148148149
1323,2008,Gabon,26.685083333333335
1324,2008,Gambia,25.99166666666667
1325,2008,Georgia,9.511333333333335
1326,2008,Germany,9.836028806584363
1327,2008,Ghana,27.031203703703703
1328,2008,Greece,17.622833333333332
1329,2008,Guatemala,19.50841666666667
1330,2008,Guinea,26.400208333333335
1331,2008,Guinea Bissau,27.87925
1332,2008,Guyana,27.305583333333335
1333,2008,Haiti,27.0138
1334,2008,Honduras,24.388233333333336
1335,2008,Hong Kong,21.657916666666665
1336,2008,Hungary,11.636037037037037
1337,2008,Iceland,2.481083333333333
1338,2008,India,25.888367007672635
1339,2008,Indonesia,26.474660344827587
1340,2008,Iran,16.281078282828283
1341,2008,Iraq,21.3678125
1342,2008,Ireland,9.863875
1343,2008,Israel,20.346055555555555
1344,2008,Italy,13.802769841269843
1345,2008,Jamaica,26.93825
1346,2008,Japan,14.229534285714285
1347,2008,Jordan,19.748916666666666
1348,2008,Kazakhstan,6.2357055555555565
1349,2008,Kenya,20.772624999999998
1350,2008,Laos,24.061666666666667
1351,2008,Latvia,7.750416666666666
1352,2008,Lebanon,20.078083333333336
1353,2008,Lesotho,14.7415
1354,2008,Liberia,26.61366666666667
1355,2008,Libya,21.131533333333334
1356,2008,Lithuania,8.348316666666667
1357,2008,Macedonia,11.204666666666666
1358,2008,Madagascar,22.65736111111111
1359,2008,Malawi,21.777041666666666
1360,2008,Malaysia,26.8985625
1361,2008,Mali,28.193416666666668
1362,2008,Mauritania,28.139499999999998
1363,2008,Mauritius,24.189000000000004
1364,2008,Mexico,20.538268041237114
1365,2008,Moldova,10.494333333333334
1366,2008,Mongolia,-1.0496666666666667
1367,2008,Montenegro,11.619666666666667
1368,2008,Morocco,18.026183333333332
1369,2008,Mozambique,23.976375
1370,2008,Namibia,20.1755
1371,2008,Nepal,18.70266666666667
1372,2008,Netherlands,10.394034722222223
1373,2008,New Zealand,13.707
1374,2008,Nicaragua,27.18858333333333
1375,2008,Niger,28.56102777777778
1376,2008,Nigeria,27.23108882783883
1377,2008,Norway,5.3111875
1378,2008,Oman,26.082333333333334
1379,2008,Pakistan,24.78863418079096
1380,2008,Panama,27.286666666666665
1381,2008,Papua New Guinea,25.170083333333334
1382,2008,Paraguay,23.47693333333333
1383,2008,Peru,17.156003787878788
1384,2008,Philippines,26.970194871794874
1385,2008,Poland,9.677429824561404
1386,2008,Portugal,15.359988095238096
1387,2008,Puerto Rico,25.965833333333332
1388,2008,Qatar,27.918916666666664
1389,2008,Reunion,23.93075
1390,2008,Romania,10.622779999999999
1391,2008,Russia,5.461580662393162
1392,2008,Rwanda,19.562416666666667
1393,2008,Saudi Arabia,25.910535714285714
1394,2008,Senegal,26.85201041666667
1395,2008,Serbia,11.626708333333333
1396,2008,Sierra Leone,26.597041666666666
1397,2008,Singapore,27.067666666666668
1398,2008,Slovakia,10.527291666666667
1399,2008,Slovenia,11.08775
1400,2008,Somalia,27.01375
1401,2008,South Africa,17.034456666666667
1402,2008,South Korea,11.964083333333333
1403,2008,Spain,15.159141666666669
1404,2008,Sri Lanka,27.21501851851852
1405,2008,Sudan,28.772191666666668
1406,2008,Suriname,27.21825
1407,2008,Swaziland,21.763166666666667
1408,2008,Sweden,7.691433333333333
1409,2008,Switzerland,8.56905
1410,2008,Syria,19.35872619047619
1411,2008,Taiwan,22.470847222222222
1412,2008,Tajikistan,9.858791666666667
1413,2008,Tanzania,23.052229166666667
1414,2008,Thailand,26.974281746031746
1415,2008,Togo,27.287625000000002
1416,2008,Tunisia,20.07603333333333
1417,2008,Turkey,14.081988562091503
1418,2008,Turkmenistan,15.338166666666666
1419,2008,Uganda,24.461722222222225
1420,2008,Ukraine,9.711416666666667
1421,2008,United Arab Emirates,27.592166666666667
1422,2008,United Kingdom,9.975312500000001
1423,2008,United States,14.854569390402075
1424,2008,Uruguay,18.59391666666667
1425,2008,Uzbekistan,13.033531250000001
1426,2008,Venezuela,26.153872916666668
1427,2008,Vietnam,25.02795
1428,2008,Yemen,26.36283333333333
1429,2008,Zambia,21.191927083333333
1430,2008,Zimbabwe,20.290845238095237
1431,2009,Afghanistan,14.838125
1432,2009,Albania,16.73
1433,2009,Algeria,19.076966666666667
1434,2009,Angola,22.372944444444446
1435,2009,Argentina,17.901486979166666
1436,2009,Armenia,9.668583333333334
1437,2009,Australia,17.91932142857143
1438,2009,Austria,7.674083333333333
1439,2009,Azerbaijan,12.595416666666667
1440,2009,Bahamas,25.463666666666665
1441,2009,Bahrain,27.240416666666665
1442,2009,Bangladesh,26.133482456140353
1443,2009,Belarus,7.52115625
1444,2009,Belgium,10.859464285714285
1445,2009,Benin,27.91490277777778
1446,2009,Bolivia,11.72676388888889
1447,2009,Bosnia And Herzegovina,11.867066666666666
1448,2009,Botswana,19.246583333333334
1449,2009,Brazil,22.976160606060606
1450,2009,Bulgaria,12.039000000000001
1451,2009,Burkina Faso,28.768375000000002
1452,2009,Burma,26.956725000000002
1453,2009,Burundi,21.420083333333334
1454,2009,Cambodia,27.5365
1455,2009,Cameroon,25.691866666666666
1456,2009,Canada,5.402893333333333
1457,2009,Central African Republic,26.16933333333333
1458,2009,Chad,28.422375000000002
1459,2009,Chile,12.385020833333334
1460,2009,China,13.733718201754385
1461,2009,Colombia,23.622262820512823
1462,2009,Congo,24.58175
1463,2009,Congo (Democratic Republic Of The),23.930641304347827
1464,2009,Costa Rica,25.738583333333334
1465,2009,Croatia,12.08061111111111
1466,2009,Cuba,26.199375
1467,2009,Cyprus,20.400333333333332
1468,2009,Czech Republic,9.3946
1469,2009,Côte D'Ivoire,26.766916666666667
1470,2009,Denmark,9.077916666666667
1471,2009,Djibouti,30.206083333333336
1472,2009,Dominican Republic,26.777870370370373
1473,2009,Ecuador,21.422647435897435
1474,2009,Egypt,22.821508771929825
1475,2009,El Salvador,26.117583333333336
1476,2009,Equatorial Guinea,26.105083333333337
1477,2009,Eritrea,25.295749999999998
1478,2009,Estonia,5.951250000000001
1479,2009,Ethiopia,21.931824074074076
1480,2009,Finland,4.901033333333333
1481,2009,France,11.532032407407407
1482,2009,Gabon,26.864125
1483,2009,Gambia,25.469333333333335
1484,2009,Georgia,9.668583333333332
1485,2009,Germany,9.684021604938271
1486,2009,Ghana,27.161194444444444
1487,2009,Greece,17.520678571428572
1488,2009,Guatemala,19.992583333333332
1489,2009,Guinea,26.43314583333333
1490,2009,Guinea Bissau,27.638583333333333
1491,2009,Guyana,27.668666666666667
1492,2009,Haiti,27.249883333333333
1493,2009,Honduras,24.827683333333333
1494,2009,Hong Kong,22.198333333333334
1495,2009,Hungary,11.51312037037037
1496,2009,Iceland,2.5338333333333334
1497,2009,India,26.603118925831204
1498,2009,Indonesia,26.799698275862067
1499,2009,Iran,16.355059343434345
1500,2009,Iraq,21.16389583333333
1501,2009,Ireland,9.876875
1502,2009,Israel,20.26465740740741
1503,2009,Italy,13.968523809523811
1504,2009,Jamaica,27.183444444444447
1505,2009,Japan,14.362729523809524
1506,2009,Jordan,19.59991666666667
1507,2009,Kazakhstan,5.375572222222223
1508,2009,Kenya,21.363041666666664
1509,2009,Laos,24.935166666666664
1510,2009,Latvia,6.60625
1511,2009,Lebanon,19.992472222222222
1512,2009,Lesotho,14.624666666666668
1513,2009,Liberia,26.80425
1514,2009,Libya,20.968908333333335
1515,2009,Lithuania,7.297383333333333
1516,2009,Macedonia,10.827666666666666
1517,2009,Madagascar,22.95627777777778
1518,2009,Malawi,21.904625
1519,2009,Malaysia,27.25248177083333
1520,2009,Mali,28.543611111111108
1521,2009,Mauritania,27.571166666666667
1522,2009,Mauritius,24.584833333333336
1523,2009,Mexico,21.005427835051545
1524,2009,Moldova,10.494055555555555
1525,2009,Mongolia,-2.0386666666666673
1526,2009,Montenegro,11.460749999999999
1527,2009,Morocco,18.691716666666665
1528,2009,Mozambique,23.98892361111111
1529,2009,Namibia,20.01725
1530,2009,Nepal,19.32175
1531,2009,Netherlands,10.30238888888889
1532,2009,New Zealand,13.21323148148148
1533,2009,Nicaragua,27.72629166666667
1534,2009,Niger,29.568333333333335
1535,2009,Nigeria,27.666103479853483
1536,2009,Norway,4.781041666666667
1537,2009,Oman,26.813583333333337
1538,2009,Pakistan,25.171980225988698
1539,2009,Panama,27.735083333333336
1540,2009,Papua New Guinea,25.084500000000002
1541,2009,Paraguay,23.622816666666665
1542,2009,Peru,17.37663257575758
1543,2009,Philippines,27.0426858974359
1544,2009,Poland,8.869662280701753
1545,2009,Portugal,16.020940476190475
1546,2009,Puerto Rico,26.213250000000002
1547,2009,Qatar,28.17425
1548,2009,Reunion,24.269000000000002
1549,2009,Romania,10.624883333333333
1550,2009,Russia,4.4499780982905985
1551,2009,Rwanda,19.84275
1552,2009,Saudi Arabia,26.1985
1553,2009,Senegal,26.376958333333334
1554,2009,Serbia,11.303402777777778
1555,2009,Sierra Leone,26.533458333333332
1556,2009,Singapore,27.473333333333333
1557,2009,Slovakia,10.239041666666667
1558,2009,Slovenia,11.058333333333332
1559,2009,Somalia,27.517233333333333
1560,2009,South Africa,16.85151
1561,2009,South Korea,11.83675
1562,2009,Spain,15.831570000000001
1563,2009,Sri Lanka,27.50611111111111
1564,2009,Sudan,29.47495
1565,2009,Suriname,27.448666666666668
1566,2009,Swaziland,21.700333333333333
1567,2009,Sweden,6.769716666666667
1568,2009,Switzerland,8.896216666666668
1569,2009,Syria,19.260738095238096
1570,2009,Taiwan,22.64557222222222
1571,2009,Tajikistan,9.954
1572,2009,Tanzania,23.511192708333336
1573,2009,Thailand,27.33936507936508
1574,2009,Togo,27.473333333333333
1575,2009,Tunisia,19.957933333333337
1576,2009,Turkey,14.19476633986928
1577,2009,Turkmenistan,15.829055555555556
1578,2009,Uganda,25.03086111111111
1579,2009,Ukraine,9.613975694444443
1580,2009,United Arab Emirates,28.039916666666667
1581,2009,United Kingdom,10.083313725490196
1582,2009,United States,14.803492217898834
1583,2009,Uruguay,18.181958333333334
1584,2009,Uzbekistan,13.218770833333332
1585,2009,Venezuela,26.621689583333332
1586,2009,Vietnam,25.616725000000002
1587,2009,Yemen,26.813791666666663
1588,2009,Zambia,21.27482291666667
1589,2009,Zimbabwe,20.106404761904763
1590,2010,Afghanistan,15.433927083333332
1591,2010,Albania,16.516666666666666
1592,2010,Algeria,19.13365
1593,2010,Angola,22.532430555555557
1594,2010,Argentina,17.410888020833333
1595,2010,Armenia,11.31025
1596,2010,Australia,17.72861904761905
1597,2010,Austria,6.641766666666666
1598,2010,Azerbaijan,13.846916666666667
1599,2010,Bahamas,24.76875
1600,2010,Bahrain,28.000250000000005
1601,2010,Bangladesh,26.207872807017544
1602,2010,Belarus,7.33778125
1603,2010,Belgium,9.58825
1604,2010,Benin,28.15725
1605,2010,Bolivia,12.070027777777778
1606,2010,Bosnia And Herzegovina,11.32445
1607,2010,Botswana,19.979583333333334
1608,2010,Brazil,23.01501325757576
1609,2010,Bulgaria,11.886059523809523
1610,2010,Burkina Faso,28.991125
1611,2010,Burma,27.337274999999998
1612,2010,Burundi,21.752
1613,2010,Cambodia,28.107583333333334
1614,2010,Cameroon,25.763683333333333
1615,2010,Canada,6.776976666666667
1616,2010,Central African Republic,26.06325
1617,2010,Chad,28.322666666666667
1618,2010,Chile,12.033475694444444
1619,2010,China,13.430684210526316
1620,2010,Colombia,23.544948717948717
1621,2010,Congo,24.90341666666667
1622,2010,Congo (Democratic Republic Of The),24.197344202898552
1623,2010,Costa Rica,25.49
1624,2010,Croatia,11.127944444444445
1625,2010,Cuba,25.87517261904762
1626,2010,Cyprus,21.17125
1627,2010,Czech Republic,8.18535
1628,2010,Côte D'Ivoire,26.974108974358977
1629,2010,Denmark,7.252041666666667
1630,2010,Djibouti,30.187
1631,2010,Dominican Republic,26.855833333333333
1632,2010,Ecuador,21.348557692307693
1633,2010,Egypt,24.03597807017544
1634,2010,El Salvador,25.85065277777778
1635,2010,Equatorial Guinea,26.227875
1636,2010,Eritrea,25.222916666666666
1637,2010,Estonia,4.963333333333334
1638,2010,Ethiopia,21.46413888888889
1639,2010,Finland,3.5686666666666667
1640,2010,France,10.452807870370371
1641,2010,Gabon,26.814833333333336
1642,2010,Gambia,26.520833333333332
1643,2010,Georgia,11.310249999999998
1644,2010,Germany,8.331975308641976
1645,2010,Ghana,27.589231481481484
1646,2010,Greece,18.135440476190475
1647,2010,Guatemala,19.854333333333333
1648,2010,Guinea,26.674479166666668
1649,2010,Guinea Bissau,28.205333333333332
1650,2010,Guyana,27.866833333333332
1651,2010,Haiti,27.1058
1652,2010,Honduras,24.45518333333333
1653,2010,Hong Kong,21.802083333333332
1654,2010,Hungary,10.485805555555556
1655,2010,Iceland,2.99675
1656,2010,India,26.549878090366583
1657,2010,Indonesia,26.81902011494253
1658,2010,Iran,17.67439015151515
1659,2010,Iraq,22.853729166666668
1660,2010,Ireland,8.913458333333333
1661,2010,Israel,21.623675925925927
1662,2010,Italy,13.206035714285715
1663,2010,Jamaica,26.84861111111111
1664,2010,Japan,14.607146190476191
1665,2010,Jordan,21.06625
1666,2010,Kazakhstan,5.496122222222223
1667,2010,Kenya,21.05761111111111
1668,2010,Laos,25.496916666666664
1669,2010,Latvia,5.903083333333334
1670,2010,Lebanon,21.197472222222224
1671,2010,Lesotho,15.232416666666666
1672,2010,Liberia,26.824250000000003
1673,2010,Libya,21.692991666666668
1674,2010,Lithuania,6.4298166666666665
1675,2010,Macedonia,10.892000000000001
1676,2010,Madagascar,23.188402777777778
1677,2010,Malawi,22.55095833333333
1678,2010,Malaysia,27.501
1679,2010,Mali,28.88308333333333
1680,2010,Mauritania,28.700166666666664
1681,2010,Mauritius,24.669083333333333
1682,2010,Mexico,20.25451202749141
1683,2010,Moldova,9.980611111111111
1684,2010,Mongolia,-3.043249999999999
1685,2010,Montenegro,11.251916666666666
1686,2010,Morocco,18.894099999999998
1687,2010,Mozambique,24.51682638888889
1688,2010,Namibia,20.61991666666667
1689,2010,Nepal,19.412095238095237
1690,2010,Netherlands,8.810430555555556
1691,2010,New Zealand,13.86100925925926
1692,2010,Nicaragua,27.46383333333333
1693,2010,Niger,29.63438888888889
1694,2010,Nigeria,27.785065934065937
1695,2010,Norway,2.777041666666667
1696,2010,Oman,26.974999999999998
1697,2010,Pakistan,25.329525423728814
1698,2010,Panama,27.497083333333332
1699,2010,Papua New Guinea,25.73975
1700,2010,Paraguay,23.229750000000003
1701,2010,Peru,17.19682196969697
1702,2010,Philippines,27.460696153846154
1703,2010,Poland,7.747337719298246
1704,2010,Portugal,15.754083333333334
1705,2010,Puerto Rico,26.523583333333335
1706,2010,Qatar,28.926416666666668
1707,2010,Reunion,24.37391666666667
1708,2010,Romania,9.992609999999999
1709,2010,Russia,4.640022435897436
1710,2010,Rwanda,20.11691666666667
1711,2010,Saudi Arabia,26.774214285714287
1712,2010,Senegal,27.387864583333336
1713,2010,Serbia,11.020513888888889
1714,2010,Sierra Leone,26.80741666666667
1715,2010,Singapore,27.6035
1716,2010,Slovakia,9.281875000000001
1717,2010,Slovenia,10.000333333333334
1718,2010,Somalia,27.371050000000004
1719,2010,South Africa,17.368316666666665
1720,2010,South Korea,11.298333333333334
1721,2010,Spain,15.207194999999999
1722,2010,Sri Lanka,27.64585185185185
1723,2010,Sudan,29.380483333333334
1724,2010,Suriname,27.6975
1725,2010,Swaziland,22.103333333333335
1726,2010,Sweden,5.000933333333333
1727,2010,Switzerland,7.776166666666667
1728,2010,Syria,20.685
1729,2010,Taiwan,22.445625
1730,2010,Tajikistan,10.459833333333334
1731,2010,Tanzania,23.588005208333332
1732,2010,Thailand,28.048436507936508
1733,2010,Togo,27.856958333333335
1734,2010,Tunisia,20.186683333333335
1735,2010,Turkey,15.483236928104574
1736,2010,Turkmenistan,16.498305555555554
1737,2010,Uganda,24.880583333333334
1738,2010,Ukraine,9.679395833333334
1739,2010,United Arab Emirates,28.687000000000005
1740,2010,United Kingdom,8.949488970588236
1741,2010,United States,14.883878080415045
1742,2010,Uruguay,18.174083333333332
1743,2010,Uzbekistan,13.733937500000001
1744,2010,Venezuela,26.739977083333333
1745,2010,Vietnam,25.945605555555556
1746,2010,Yemen,26.62591666666667
1747,2010,Zambia,21.865729166666668
1748,2010,Zimbabwe,20.741714285714288
1749,2011,Afghanistan,15.317572916666668
1750,2011,Albania,16.4485
1751,2011,Algeria,19.073766666666664
1752,2011,Angola,22.022180555555554
1753,2011,Argentina,17.615763020833334
1754,2011,Armenia,8.926916666666665
1755,2011,Australia,17.472011904761906
1756,2011,Austria,7.922766666666666
1757,2011,Azerbaijan,11.79175
1758,2011,Bahamas,25.75916666666667
1759,2011,Bahrain,27.012666666666664
1760,2011,Bangladesh,25.420837719298245
1761,2011,Belarus,7.823552083333333
1762,2011,Belgium,11.544238095238095
1763,2011,Benin,27.810958333333335
1764,2011,Bolivia,11.996194444444445
1765,2011,Bosnia And Herzegovina,11.816066666666668
1766,2011,Botswana,19.192583333333335
1767,2011,Brazil,22.62431666666667
1768,2011,Bulgaria,11.114214285714285
1769,2011,Burkina Faso,28.766875
1770,2011,Burma,26.391516666666668
1771,2011,Burundi,21.22608333333333
1772,2011,Cambodia,27.371166666666667
1773,2011,Cameroon,25.264455555555553
1774,2011,Canada,6.23093
1775,2011,Central African Republic,25.232416666666666
1776,2011,Chad,27.734125000000002
1777,2011,Chile,12.360812500000002
1778,2011,China,13.316098464912281
1779,2011,Colombia,23.138675213675214
1780,2011,Congo,24.1985
1781,2011,Congo (Democratic Republic Of The),23.61133695652174
1782,2011,Costa Rica,25.362916666666667
1783,2011,Croatia,12.131638888888888
1784,2011,Cuba,26.321517857142858
1785,2011,Cyprus,19.948416666666667
1786,2011,Czech Republic,9.566366666666665
1787,2011,Côte D'Ivoire,26.661525641025644
1788,2011,Denmark,9.244875
1789,2011,Djibouti,30.150499999999997
1790,2011,Dominican Republic,26.594555555555555
1791,2011,Ecuador,21.116416666666666
1792,2011,Egypt,22.366074561403508
1793,2011,El Salvador,25.86026388888889
1794,2011,Equatorial Guinea,25.840083333333336
1795,2011,Eritrea,24.77525
1796,2011,Estonia,6.760458333333333
1797,2011,Ethiopia,21.72897222222222
1798,2011,Finland,5.828
1799,2011,France,12.172300925925926
1800,2011,Gabon,26.527541666666668
1801,2011,Gambia,25.870666666666665
1802,2011,Georgia,8.926916666666667
1803,2011,Germany,10.192977366255144
1804,2011,Ghana,27.17176851851852
1805,2011,Greece,16.74742857142857
1806,2011,Guatemala,19.849
1807,2011,Guinea,26.411291666666667
1808,2011,Guinea Bissau,27.80858333333333
1809,2011,Guyana,27.425583333333336
1810,2011,Haiti,27.0319
1811,2011,Honduras,24.790033333333334
1812,2011,Hong Kong,21.529750000000003
1813,2011,Hungary,10.95562037037037
1814,2011,Iceland,2.347
1815,2011,India,25.88049914748508
1816,2011,Indonesia,26.578094252873562
1817,2011,Iran,16.06331313131313
1818,2011,Iraq,20.6963125
1819,2011,Ireland,10.127625
1820,2011,Israel,19.68274074074074
1821,2011,Italy,14.085982142857143
1822,2011,Jamaica,26.945666666666668
1823,2011,Japan,14.137897142857144
1824,2011,Jordan,18.94725
1825,2011,Kazakhstan,4.9176
1826,2011,Kenya,21.064444444444447
1827,2011,Laos,24.141833333333334
1828,2011,Latvia,7.281375000000001
1829,2011,Lebanon,19.431472222222222
1830,2011,Lesotho,14.315416666666666
1831,2011,Liberia,26.540750000000003
1832,2011,Libya,20.600808333333337
1833,2011,Lithuania,7.806749999999999
1834,2011,Macedonia,10.251166666666668
1835,2011,Madagascar,23.144583333333333
1836,2011,Malawi,22.275291666666664
1837,2011,Malaysia,27.0922734375
1838,2011,Mali,28.50691666666667
1839,2011,Mauritania,27.870666666666665
1840,2011,Mauritius,24.522333333333336
1841,2011,Mexico,21.029842783505156
1842,2011,Moldova,9.671500000000002
1843,2011,Mongolia,-2.4059166666666667
1844,2011,Montenegro,11.248083333333334
1845,2011,Morocco,18.589991666666666
1846,2011,Mozambique,24.181430555555558
1847,2011,Namibia,19.25916666666667
1848,2011,Nepal,18.54677380952381
1849,2011,Netherlands,10.695013888888889
1850,2011,New Zealand,13.766425925925924
1851,2011,Nicaragua,27.437
1852,2011,Niger,29.242888888888885
1853,2011,Nigeria,27.413766483516486
1854,2011,Norway,5.279083333333333
1855,2011,Oman,26.627750000000002
1856,2011,Pakistan,24.894475988700567
1857,2011,Panama,27.113583333333334
1858,2011,Papua New Guinea,25.168166666666668
1859,2011,Paraguay,23.548166666666667
1860,2011,Peru,17.066708333333334
1861,2011,Philippines,26.852839743589744
1862,2011,Poland,9.16706798245614
1863,2011,Portugal,16.084047619047617
1864,2011,Puerto Rico,26.07766666666667
1865,2011,Qatar,28.225833333333338
1866,2011,Reunion,24.3805
1867,2011,Romania,9.72505
1868,2011,Russia,4.386321581196581
1869,2011,Rwanda,19.59225
1870,2011,Saudi Arabia,25.938499999999998
1871,2011,Senegal,26.73121875
1872,2011,Serbia,10.694111111111111
1873,2011,Sierra Leone,26.545416666666668
1874,2011,Singapore,27.282166666666665
1875,2011,Slovakia,9.90725
1876,2011,Slovenia,11.024500000000002
1877,2011,Somalia,27.502683333333334
1878,2011,South Africa,16.725273333333334
1879,2011,South Korea,11.122416666666666
1880,2011,Spain,16.136893333333333
1881,2011,Sri Lanka,27.444194444444445
1882,2011,Sudan,28.91
1883,2011,Suriname,27.415499999999998
1884,2011,Swaziland,21.68841666666667
1885,2011,Sweden,7.46075
1886,2011,Switzerland,9.377183333333333
1887,2011,Syria,18.719785714285713
1888,2011,Taiwan,22.028333333333332
1889,2011,Tajikistan,9.898083333333334
1890,2011,Tanzania,23.43721875
1891,2011,Thailand,27.037301587301588
1892,2011,Togo,27.526333333333337
1893,2011,Tunisia,19.831133333333334
1894,2011,Turkey,13.278968954248366
1895,2011,Turkmenistan,15.321499999999999
1896,2011,Uganda,24.72002777777778
1897,2011,Ukraine,8.943802083333333
1898,2011,United Arab Emirates,28.249250000000004
1899,2011,United Kingdom,10.679944852941178
1900,2011,United States,15.10100745784695
1901,2011,Uruguay,18.106041666666666
1902,2011,Uzbekistan,13.036739583333334
1903,2011,Venezuela,26.138377083333335
1904,2011,Vietnam,24.97248611111111
1905,2011,Yemen,26.604166666666668
1906,2011,Zambia,21.399895833333332
1907,2011,Zimbabwe,20.366059523809525
1908,2012,Afghanistan,14.152489583333333
1909,2012,Albania,16.7025
1910,2012,Algeria,19.138183333333334
1911,2012,Angola,22.1465
1912,2012,Argentina,18.0929609375
1913,2012,Armenia,10.196333333333333
1914,2012,Australia,17.431607142857143
1915,2012,Austria,7.6472
1916,2012,Azerbaijan,12.996583333333334
1917,2012,Bahamas,25.463083333333334
1918,2012,Bahrain,27.44741666666667
1919,2012,Bangladesh,25.775188596491226
1920,2012,Belarus,7.215708333333333
1921,2012,Belgium,10.550714285714287
1922,2012,Benin,27.557194444444445
1923,2012,Bolivia,12.062652777777778
1924,2012,Bosnia And Herzegovina,12.076116666666667
1925,2012,Botswana,19.832
1926,2012,Brazil,23.18167916666667
1927,2012,Bulgaria,12.139595238095238
1928,2012,Burkina Faso,28.404875
1929,2012,Burma,27.135466666666666
1930,2012,Burundi,21.443083333333334
1931,2012,Cambodia,28.02433333333333
1932,2012,Cameroon,25.203950000000003
1933,2012,Canada,7.1045266666666675
1934,2012,Central African Republic,25.277083333333334
1935,2012,Chad,27.661875
1936,2012,Chile,12.731131944444444
1937,2012,China,13.204191447368421
1938,2012,Colombia,23.412630341880345
1939,2012,Congo,24.2105
1940,2012,Congo (Democratic Republic Of The),23.681471014492754
1941,2012,Costa Rica,25.480999999999998
1942,2012,Croatia,12.187444444444445
1943,2012,Cuba,26.266910714285718
1944,2012,Cyprus,20.271
1945,2012,Czech Republic,9.369616666666667
1946,2012,Côte D'Ivoire,26.41275
1947,2012,Denmark,8.550791666666667
1948,2012,Djibouti,30.265416666666667
1949,2012,Dominican Republic,26.725129629629627
1950,2012,Ecuador,21.23454487179487
1951,2012,Egypt,22.823118421052634
1952,2012,El Salvador,25.93651388888889
1953,2012,Equatorial Guinea,25.77808333333333
1954,2012,Eritrea,25.159333333333336
1955,2012,Estonia,5.337416666666667
1956,2012,Ethiopia,21.551666666666666
1957,2012,Finland,4.4504166666666665
1958,2012,France,11.279648148148148
1959,2012,Gabon,26.557541666666665
1960,2012,Gambia,25.96858333333333
1961,2012,Georgia,10.196333333333333
1962,2012,Germany,9.530550411522633
1963,2012,Ghana,26.890953703703705
1964,2012,Greece,17.705369047619048
1965,2012,Guatemala,19.8825
1966,2012,Guinea,26.134333333333334
1967,2012,Guinea Bissau,27.797666666666668
1968,2012,Guyana,27.41841666666667
1969,2012,Haiti,27.121533333333332
1970,2012,Honduras,24.607899999999997
1971,2012,Hong Kong,21.834
1972,2012,Hungary,11.399972222222221
1973,2012,Iceland,2.6907499999999995
1974,2012,India,26.19122591645354
1975,2012,Indonesia,26.749278735632185
1976,2012,Iran,16.487133838383837
1977,2012,Iraq,21.611145833333335
1978,2012,Ireland,9.746291666666666
1979,2012,Israel,20.35098148148148
1980,2012,Italy,13.970208333333332
1981,2012,Jamaica,27.243305555555555
1982,2012,Japan,13.941440952380953
1983,2012,Jordan,19.72041666666667
1984,2012,Kazakhstan,5.133944444444444
1985,2012,Kenya,21.06425
1986,2012,Laos,25.533749999999998
1987,2012,Latvia,6.135625
1988,2012,Lebanon,20.034583333333334
1989,2012,Lesotho,14.624833333333333
1990,2012,Liberia,26.317666666666668
1991,2012,Libya,21.079983333333335
1992,2012,Lithuania,6.913616666666667
1993,2012,Macedonia,10.875916666666667
1994,2012,Madagascar,22.7085
1995,2012,Malawi,21.755916666666668
1996,2012,Malaysia,27.2347109375
1997,2012,Mali,27.996055555555557
1998,2012,Mauritania,27.766333333333336
1999,2012,Mauritius,24.374
2000,2012,Mexico,20.988642611683847
2001,2012,Moldova,10.350777777777777
2002,2012,Mongolia,-3.368166666666667
2003,2012,Montenegro,11.532083333333333
2004,2012,Morocco,18.268933333333333
2005,2012,Mozambique,23.97398611111111
2006,2012,Namibia,20.11225
2007,2012,Nepal,18.667119047619046
2008,2012,Netherlands,10.046111111111111
2009,2012,New Zealand,13.189712962962963
2010,2012,Nicaragua,27.428291666666667
2011,2012,Niger,28.816972222222223
2012,2012,Nigeria,27.24025183150183
2013,2012,Norway,4.165229166666666
2014,2012,Oman,26.7195
2015,2012,Pakistan,24.590817796610168
2016,2012,Panama,27.501
2017,2012,Papua New Guinea,25.138833333333334
2018,2012,Paraguay,24.11685
2019,2012,Peru,17.499643939393938
2020,2012,Philippines,27.275715384615385
2021,2012,Poland,8.766116228070176
2022,2012,Portugal,15.387011904761906
2023,2012,Puerto Rico,26.3545
2024,2012,Qatar,28.53825
2025,2012,Reunion,24.177999999999997
2026,2012,Romania,10.440663333333333
2027,2012,Russia,4.501148504273504
2028,2012,Rwanda,19.791
2029,2012,Saudi Arabia,26.35109523809524
2030,2012,Senegal,26.778739583333333
2031,2012,Serbia,11.31873611111111
2032,2012,Sierra Leone,26.294458333333335
2033,2012,Singapore,27.303583333333332
2034,2012,Slovakia,10.147833333333333
2035,2012,Slovenia,11.119166666666667
2036,2012,Somalia,27.477633333333333
2037,2012,South Africa,17.110591666666664
2038,2012,South Korea,11.227083333333333
2039,2012,Spain,15.490025
2040,2012,Sri Lanka,27.734787037037037
2041,2012,Sudan,28.824725
2042,2012,Suriname,27.40216666666667
2043,2012,Swaziland,21.9225
2044,2012,Sweden,6.4329
2045,2012,Switzerland,8.646600000000001
2046,2012,Syria,19.406261904761905
2047,2012,Taiwan,22.263191666666668
2048,2012,Tajikistan,9.288583333333333
2049,2012,Tanzania,23.437354166666665
2050,2012,Thailand,27.975218253968254
2051,2012,Togo,27.203083333333336
2052,2012,Tunisia,20.395699999999998
2053,2012,Turkey,14.221968954248364
2054,2012,Turkmenistan,15.245638888888891
2055,2012,Uganda,24.800083333333333
2056,2012,Ukraine,9.479541666666668
2057,2012,United Arab Emirates,28.46458333333333
2058,2012,United Kingdom,9.63929656862745
2059,2012,United States,15.959263618677042
2060,2012,Uruguay,18.744625
2061,2012,Uzbekistan,12.578864583333335
2062,2012,Venezuela,26.22317083333333
2063,2012,Vietnam,25.80531666666667
2064,2012,Yemen,26.940749999999998
2065,2012,Zambia,21.349416666666666
2066,2012,Zimbabwe,20.21827380952381
2067,2013,Afghanistan,15.99921875
2068,2013,Albania,17.413625
2069,2013,Algeria,19.117224999999998
2070,2013,Angola,22.841625000000004
2071,2013,Argentina,16.63615625
2072,2013,Armenia,11.0785
2073,2013,Australia,17.867892857142856
2074,2013,Austria,8.065949999999999
2075,2013,Azerbaijan,14.123
2076,2013,Bahamas,25.881333333333334
2077,2013,Bahrain,27.864875
2078,2013,Bangladesh,26.224986842105263
2079,2013,Belarus,8.628171875
2080,2013,Belgium,10.244107142857143
2081,2013,Benin,27.872541666666667
2082,2013,Bolivia,11.124270833333334
2083,2013,Bosnia And Herzegovina,12.878725
2084,2013,Botswana,18.689500000000002
2085,2013,Brazil,22.541223863636365
2086,2013,Bulgaria,13.357107142857144
2087,2013,Burkina Faso,29.047687500000002
2088,2013,Burma,27.42355
2089,2013,Burundi,21.527875
2090,2013,Cambodia,28.42525
2091,2013,Cameroon,25.67553333333333
2092,2013,Canada,7.7461955555555555
2093,2013,Central African Republic,25.689375
2094,2013,Chad,28.3570625
2095,2013,Chile,12.358854166666667
2096,2013,China,14.962132565789474
2097,2013,Colombia,23.66319108280255
2098,2013,Congo,24.408375
2099,2013,Congo (Democratic Republic Of The),23.96920108695652
2100,2013,Costa Rica,25.67377777777778
2101,2013,Croatia,12.664458333333334
2102,2013,Cuba,26.503039682539683
2103,2013,Cyprus,20.565625
2104,2013,Czech Republic,9.778475
2105,2013,Côte D'Ivoire,26.87921153846154
2106,2013,Denmark,8.6558125
2107,2013,Djibouti,31.082625
2108,2013,Dominican Republic,26.630925925925926
2109,2013,Ecuador,20.993394230769233
2110,2013,Egypt,23.16975
2111,2013,El Salvador,26.263277777777777
2112,2013,Equatorial Guinea,25.982625
2113,2013,Eritrea,25.865000000000002
2114,2013,Estonia,6.953125000000001
2115,2013,Ethiopia,22.560805555555554
2116,2013,Finland,5.724475
2117,2013,France,11.159972222222223
2118,2013,Gabon,26.578937500000002
2119,2013,Gambia,25.499375
2120,2013,Georgia,11.0785
2121,2013,Germany,9.431657407407407
2122,2013,Ghana,27.2985
2123,2013,Greece,18.506
2124,2013,Guatemala,20.366444444444443
2125,2013,Guinea,26.5338125
2126,2013,Guinea Bissau,28.359
2127,2013,Guyana,27.296499999999998
2128,2013,Haiti,27.093666666666664
2129,2013,Honduras,25.035044444444445
2130,2013,Hong Kong,22.80175
2131,2013,Hungary,12.452625000000001
2132,2013,Iceland,3.4788750000000004
2133,2013,India,26.864186061381073
2134,2013,Indonesia,26.777412068965518
2135,2013,Iran,17.847035984848485
2136,2013,Iraq,22.613875
2137,2013,Ireland,9.824375
2138,2013,Israel,20.3885
2139,2013,Italy,14.095098214285716
2140,2013,Jamaica,27.28662962962963
2141,2013,Japan,14.640792142857142
2142,2013,Jordan,19.83225
2143,2013,Kazakhstan,7.786908333333333
2144,2013,Kenya,21.058979166666667
2145,2013,Laos,25.942125
2146,2013,Latvia,7.3330625000000005
2147,2013,Lebanon,19.99975
2148,2013,Lesotho,14.025875
2149,2013,Liberia,26.560375
2150,2013,Libya,21.2796875
2151,2013,Lithuania,7.7101
2152,2013,Macedonia,12.597750000000001
2153,2013,Madagascar,22.4625625
2154,2013,Malawi,21.045625
2155,2013,Malaysia,27.643078125
2156,2013,Mali,28.924958333333333
2157,2013,Mauritania,28.24475
2158,2013,Mauritius,24.312375
2159,2013,Mexico,21.62210080183276
2160,2013,Moldova,11.720708333333334
2161,2013,Mongolia,-0.22425000000000006
2162,2013,Montenegro,12.8715
2163,2013,Morocco,18.6936625
2164,2013,Mozambique,23.632500000000004
2165,2013,Namibia,20.733125
2166,2013,Nepal,19.201178571428574
2167,2013,Netherlands,9.507020833333334
2168,2013,New Zealand,13.799222222222221
2169,2013,Nicaragua,27.752166666666668
2170,2013,Niger,29.766291666666664
2171,2013,Nigeria,27.627899725274727
2172,2013,Norway,4.50609375
2173,2013,Oman,26.593125
2174,2013,Pakistan,25.708457627118644
2175,2013,Panama,27.723875
2176,2013,Papua New Guinea,25.440875
2177,2013,Paraguay,22.4662
2178,2013,Peru,16.87963068181818
2179,2013,Philippines,27.611473076923076
2180,2013,Poland,9.43475
2181,2013,Portugal,15.927857142857144
2182,2013,Puerto Rico,26.17822222222222
2183,2013,Qatar,28.68225
2184,2013,Reunion,24.269125
2185,2013,Romania,11.77584
2186,2013,Russia,5.999846955128206
2187,2013,Rwanda,19.932875000000003
2188,2013,Saudi Arabia,27.012982142857144
2189,2013,Senegal,26.572765625
2190,2013,Serbia,12.802729166666667
2191,2013,Sierra Leone,26.498125
2192,2013,Singapore,27.602875
2193,2013,Slovakia,11.0986875
2194,2013,Slovenia,11.58025
2195,2013,Somalia,27.567149999999998
2196,2013,South Africa,16.4257675
2197,2013,South Korea,12.118375
2198,2013,Spain,15.56664
2199,2013,Sri Lanka,27.94498611111111
2200,2013,Sudan,29.582425
2201,2013,Suriname,27.171125
2202,2013,Swaziland,21.36625
2203,2013,Sweden,6.765275
2204,2013,Switzerland,8.648275
2205,2013,Syria,19.760410714285715
2206,2013,Taiwan,22.69558333333333
2207,2013,Tajikistan,11.8806875
2208,2013,Tanzania,23.1851484375
2209,2013,Thailand,28.521452380952383
2210,2013,Togo,27.4575625
2211,2013,Tunisia,20.294674999999998
2212,2013,Turkey,15.345507352941176
2213,2013,Turkmenistan,18.155291666666667
2214,2013,Uganda,24.999916666666667
2215,2013,Ukraine,11.102197916666666
2216,2013,United Arab Emirates,28.008875
2217,2013,United Kingdom,9.52793382352941
2218,2013,United States,16.381720155709345
2219,2013,Uruguay,17.05325
2220,2013,Uzbekistan,15.408609375
2221,2013,Venezuela,26.350824999999997
2222,2013,Vietnam,26.253233333333334
2223,2013,Yemen,27.681
2224,2013,Zambia,20.709343750000002
2225,2013,Zimbabwe,19.404660714285715
